<?xml version="1.0" encoding="UTF-8"?>
<project-private xmlns="http://www.netbeans.org/ns/project-private/1">
    <editor-bookmarks xmlns="http://www.netbeans.org/ns/editor-bookmarks/2" lastBookmarkId="0"/>
    <open-files xmlns="http://www.netbeans.org/ns/projectui-open-files/2">
        <group>
            <file>file:/C:/wamp64/www/magazin/product/2.html</file>
            <file>file:/C:/wamp64/www/magazin/css/stil.css</file>
            <file>file:/C:/wamp64/www/magazin/js/js.js</file>
            <file>file:/C:/wamp64/www/magazin/categorie.html</file>
            <file>file:/C:/wamp64/www/magazin/css/stil.min.css</file>
            <file>file:/C:/wamp64/www/magazin/index.html</file>
            <file>file:/C:/wamp64/www/magazin/info.html</file>
            <file>file:/C:/wamp64/www/magazin/product/1.html</file>
            <file>file:/C:/wamp64/www/magazin/arhiva.html</file>
            <file>file:/C:/wamp64/www/magazin/contact.html</file>
        </group>
    </open-files>
</project-private>
